url,shared_count
https://www.meetup.com/Tucson-Trump-MAGA/,24
https://www.meetup.com/Pro-Brexit-Creative-Network/events/261179841/,15
http://meetup.com,10
http://Meetup.com,9
https://www.meetup.com/Open-Data-Manchester/events/251553430/,4
https://www.meetup.com/Pro-Brexit-Creative-Network/events/262504239/,4
https://www.meetup.com/WIST-Nairobi/,4
https://www.meetup.com/fr-FR/santacruz-freedom-forum/messages/585009/,4
https://www.meetup.com/RaleighSEO/events/xvcnspyzfbzb/,4
http://www.meetup.com/AngularJS-Helsinki/events/228265282,4
https://www.meetup.com/fr-FR/santacruz-freedom-forum/messages/585009/?fbclid=IwAR3ATN7fottWf-PAD_2EkeIUAMavPg9HeBG0dEHK_fkb8FjyhDdFZdQAcpk,3
http://www.meetup.com/Los-Angeles-Real-Estate-Deal-Maker-Sessions/,3
https://www.meetup.com/C-Corner-Toronto-Chapter-Meetup/events/257351761/,3
http://www.meetup.com/Pennsylvania-Real-Estate-Investor-Network/,3
https://www.meetup.com/A-CON-Meetup/,3
https://files.meetup.com/562554/Brice%20Taylor%20-%20Thanks%20for%20the%20memories.pdf,3
https://www.meetup.com/podcast-uruguay/,3
https://www.meetup.com/net2dc/events/260747796/,2
https://www.meetup.com/Android254/events/262280340/,2
https://www.meetup.com/net2dc/events/261853765/,2
http://www.meetup.com/AngularJS-Helsinki/events/226982263/,2
https://www.meetup.com/de-DE/eth-ruhr/events/259732879/,2
https://www.meetup.com/Seattle-Blockchain-NW-Community/events/260249696/,2
https://www.meetup.com/dbqINETA/events/247852229/,2
https://www.meetup.com/BitcoinCenterNYC/events/261312771/,2
http://www.meetup.com/Botswana-Bitcoins-Meetup/events/186086922/?gj=fbsd_ed&a=fbsd_event_details&rv=fbsd_ed&from_fb=true,2
https://www.meetup.com/Western-Reserve-Philosophical-Society/events/262047929/,2
https://www.meetup.com/Unite-America-Phoenix-Chapter/,2
https://www.meetup.com/Gays-With-Guns/,2
https://www.meetup.com/South-Jersey-Earth-Cruising-Water-Exploring/events/252944678/,2
https://www.meetup.com/OC-Psychotherapists-Meetup/events/248269419/,2
https://www.meetup.com/FLAT-EARTH-OREGON/,2
https://www.meetup.com/Seattle-Blockchain-Underground/events/259392573/,2
https://www.meetup.com/Arlington-Republican-Party-Meetup/events/262366250/,2
https://www.meetup.com/Gold-Silver-and-Cryptos-The-Austrian-Economics-Meetup/,2
https://www.meetup.com/BitcoinPHL/events/260401540/,2
https://www.meetup.com/Burlington-SPEAKW-Parental-Alienation-Meetup/events/xdgmwqyzhbjb/,2
http://files.meetup.com/562554/Brice%20Taylor%20-%20Thanks%20for%20the%20memories.pdf,2
http://www.meetup.com/Silicon-Canal-Newbury-Meetup/,2
https://www.meetup.com/South-Jersey-Earth-Cruising-Water-Exploring/events/252313838/,2
http://www.meetup.com/BostonProtests/events/184574072/?a=ea1_grp&rv=ea1&_af_eid=184574072&_af=event,2
https://www.meetup.com/DC-CryptoCurrency-Mining/events/262060324/,2
https://www.meetup.com/Unleash-The-Magic-in-You/,2
https://www.meetup.com/South-Jersey-Earth-Cruising-Water-Exploring/events/252630207/,2
http://www.meetup.com/Product-Hunt-Ott/events/228267370/,2
https://www.meetup.com/net2dc/events/261853765,2
https://www.meetup.com/Seattle-Blockchain-NW-Community/events/260895008/,2
https://www.meetup.com/Seattle-Blockchain-NW-Community/events/260691778/,2
https://www.meetup.com/OC-Psychotherapists-Meetup/events/248086090/,2
http://www.meetup.com/BostonProtests/,2
https://www.meetup.com/chicagobimeetup/events/234148771/,1
https://www.meetup.com/Pittsburgh-Asexuality-Aromantic-Meetup-Group/?gj=ej1b&_xtd=gatlbWFpbF9jbGlja9oAJGVjMjkzMzhhLWQzMTgtNGQ2YS1iMGIwLTFmN2RkMDRkMjAwZA,1
https://www.meetup.com/Get-What-You-Want-People/events/swpvvpyxnbfb/,1
https://www.meetup.com/UFO-DISCLOSURE-NETWORK-NEW-YORK/events/250544098/,1
https://www.meetup.com/portland-psychedelic-society/events/261838924/?gj=te1&rv=te1&_xtd=gqtlbWFpbF9jbGlja9oAJDUxMjUzNGRhLWY2ZTctNDk0YS05YzIzLWFmNzRhNWIwM2JhNqppbnZpdGVlX2lkqDYxOTQzNDc4,1
https://www.meetup.com/Burlington-SPEAKW-Parental-Alienation-Meetup/events/hstvgqyzfbhc/,1
https://www.meetup.com/El-Paso-Data-Scientists/events/248100468/,1
https://www.meetup.com/Move-Electric/,1
https://www.meetup.com/republican-17/events/lbnpxpyxkbjb/,1
https://www.meetup.com/SaturdaySingles-Pittsburgh/,1
https://www.meetup.com/Soul-Awakening-Classes-Reading/,1
https://www.meetup.com/meetup-Hyperledger-Manila/,1
https://www.meetup.com/en-AU/CashflowCobb/events/251354548/,1
https://www.meetup.com/Digital_North_/events/262126036/,1
https://www.meetup.com/The-New-York-Aspiring-Comic-Creators-Club/events/dwxxmlyzhbvb/,1
https://www.meetup.com/Belleair-Beach-Travel-Meetup/events/261852267/,1
https://www.meetup.com/KitsilanoBusinessLeaders/events/258718042/,1
https://www.meetup.com/Austin-Bitcoin-Developers/events/262404184,1
https://www.meetup.com/the-vancouver-business-network/events/258100904/,1
https://www.meetup.com/SoCal-Lightning/events/257951435/,1
https://www.meetup.com/Everglades-Angels-Dog-Rescue-Meetup/events/cvmjmpyzhbpc/,1
https://www.meetup.com/Mumbai-Writestuff-Writing-Club/events/260282521/,1
http://www.meetup.com/Winnipeg-Cash-Back-Club/events/222839897/,1
https://www.meetup.com/PHPVigo/,1
https://www.meetup.com/Womens-Hoops-And-Talks/events/mgzrgqyzkbkc/,1
https://www.meetup.com/DisneylandFanClub/events/259687446/,1
http://files.meetup.com/196633/SILENT%20WEAPONS%20for%20QUIET%20WARS.pdf,1
https://www.meetup.com/CodeUp-Chester/,1
https://www.meetup.com/Los-Angeles-Media-Makers-Meetup/events/257757842/,1
https://www.meetup.com/Smartups-Indy-Startups-Marketing/events/261051012/,1
https://www.meetup.com/Crypto-Sydney/events/258751480/?eventId=258751480&fbclid=IwAR0q5rh3IzJKD6XlzrY3S3E8vTCx7inHB3-nAB6_Mkx9dIkl9VndYcvK55A,1
http://meetup.com/BitcoinPHL/eve,1
http://www.meetup.com/Michigan-Medical-Device-Innovation/,1
https://www.meetup.com/UXSpeakeasy/events/247386203/,1
https://www.meetup.com/barcampqld,1
https://www.meetup.com/Bay-Area-Zcash-Users/events/259399671/,1
https://www.meetup.com/Chester-SEO-Meetup/events/243914589/,1
https://www.meetup.com/TheFiveTribes/events/262447115/,1
http://blog.meetup.com/meetup-to-resist,1
https://www.meetup.com/North-TX-No-BS-Insider-Circle/events/246965773/,1
https://www.meetup.com/Moms-Fighting-Unfair-Judgements-Family-Court-DHS-CPS/events/262442583/,1
https://meetup.com/Clothed-female-naked-me,1
https://www.meetup.com/UFO-DISCLOSURE-NETWORK-NEW-YORK/events/252806313/,1
https://www.meetup.com/10x-Nation-Las-Vegas-Artificial-Intelligence/,1
http://meetup.com/barcampqld,1
https://www.meetup.com/Game-Night-Networking-Group/events/jfdjwqyzhbnc/,1
https://www.meetup.com/Everglades-Angels-Dog-Rescue-Meetup/events/261001965/,1
https://www.meetup.com/Society-of-Native-Nations/events/262249369/,1
https://www.meetup.com/NerdNightAGS/events/pmrmcpyxgbsb/,1
https://www.meetup.com/Free-Fun-Networking/events/258575192/,1
https://www.meetup.com/Tucson-Trump-MAGA/photos/29704702/478736818/i3/socialmedia,1
https://www.meetup.com/SoCal-FUN-Friends/events/260450431/,1
https://www.meetup.com/EthereumSiliconValley/events/241517216/,1
https://www.meetup.com/DeTrashTheTriangle/,1
https://www.meetup.com/Lets-talk-Data/events/255259705/,1
https://www.meetup.com/Living-in-Health-and-Happiness/events/261233886/,1
http://www.meetup.com/sa-wpg/events/63308352/?a=wm1_5&rv=wm1,1
https://www.meetup.com/Blockchain-Developers-Canada/events/258574954/,1
https://www.meetup.com/TUSC-Cryptocurrency-Meetup-Salt-Lake-City/events/262010648/,1
https://www.meetup.com/Urantia-Book-Study-Group/events/254564170/,1
http://www.meetup.com/superintelligencemeetup/events/232203547/,1
https://www.meetup.com/PIVXcrypto/events/256250487/,1
https://www.meetup.com/Product-Hunt-Sydney/events/253810147/,1
https://www.meetup.com/atl-small-business-networking-meetup/events/253736811/,1
https://www.meetup.com/meetup-group-HMxlFFNG/events/251652467/,1
https://www.meetup.com/WordPress-Monterey/events/246330791/,1
https://www.meetup.com/Midwest-Real-Estate-Investors-Association/events/254750326/,1
https://www.meetup.com/CapitalCityREIA/events/248958079/,1
https://www.meetup.com/Jewish-Republican-coalition-of-Las-vegas/,1
https://www.meetup.com/es/Mexico-City-Pyladies-Meetup/events/261838825/,1
https://www.meetup.com/Halifax-Bitcoin-and-Blockchain-Meetup/events/239848281/,1
https://www.meetup.com/Bitcoin-Open-Blockchain-Community-Chicago/events/262288446/,1
https://www.meetup.com/futurology-transhumanism/events/262558041/,1
https://www.meetup.com/Microsoft-Azure-Karachi-Community/events/247766478/,1
https://www.meetup.com/Pasadena-Puppy-Raisers-Meetup/events/248027523/,1
http://www.meetup.com/rockyourworld/,1
https://www.meetup.com/seattlepatriots/events/,1
https://www.meetup.com/PreparednessSurvival101/events/256840785/,1
https://www.meetup.com/Site-Reliability-Engineering-Amsterdam/events/261315610/,1
https://www.meetup.com/Internet-Security-and-Privacy/events/259654320/,1
https://www.meetup.com/Libertarian-Alliance-Meetup/events/261477829/,1
http://www.meetup.com/r/site/196972842/107283762/shtwcl/http://www.meetup.com/OpenStack-Online-Meetup/events/196972842/,1
https://www.meetup.com/CapitalCityREIA/events/242047874/,1
https://www.meetup.com/Las-Vegas-College-Educated-Singles-50/events/257690139/,1
https://www.meetup.com/The-Movement-Is-Truth-Toledo/,1
https://www.meetup.com/en-AU/Melbourne-Holochain/events/262664817/?fbclid=IwAR0ZivBQvJyXXCDVcFuDb5AqndNxMbrxxrCS8RXAgUOoB4GTnJOP0gcMCiA,1
https://www.meetup.com/Freedom-North-West/events/247953302/,1
http://www.meetup.com/Austin-Drupal-Users-Group/events/226865702/,1
https://www.meetup.com/PeoriaDogs/events/248647414/,1
https://www.meetup.com/en-AU/Sunshine-Coast-New-Technology-Meetup/events/ksfmpqyzhbfc/,1
https://www.meetup.com/Urantia-Book-Study-Group/events/262151448/,1
https://www.meetup.com/801labs/events/thrddqyxnbgb/,1
https://www.meetup.com/Prayer-Night-Home-Church/,1
https://www.meetup.com/goldcoasthub/events/258299637,1
https://www.meetup.com/UFO-DISCLOSURE-NETWORK-NEW-YORK/events/252279806/,1
https://www.meetup.com/Las-Vegas-College-Educated-Singles-50/events/259028955/,1
http://www.meetup.com/r/site/205832432/2420890/shtwcl/http://www.meetup.com/indiefilm-169/events/205832432/,1
https://www.meetup.com/Colorado-VR-AR/,1
https://www.meetup.com/Great-Baton-Rouge-Real-Estate-Professionals/,1
https://www.meetup.com/Las-Vegas-College-Educated-Singles-50/photos/29578795/477645290/i3/socialmedia,1
https://www.meetup.com/Las-Vegas-College-Educated-Singles-50/events/256885214/,1
https://www.meetup.com/meetup-group-KXiCNKFJ/events/251444636/,1
https://www.meetup.com/LabyrinthWalksCLE/,1
https://www.meetup.com/Investment-Tech-New-York-City/events/248745724/,1
https://www.meetup.com/nycmesh/events/262373202/,1
https://www.meetup.com/Portsmouth-WordPress-Meetup/events/246620535/,1
https://www.meetup.com/NULS-Singapore-Meetup-group/events/248503216/,1
https://www.meetup.com/Growth-Hackers-Sydney/events/248056274/,1
https://www.meetup.com/de-DE/Vienna-Deep-Learning-Meetup/events/261011682/,1
https://www.meetup.com/Everglades-Angels-Dog-Rescue-Meetup/events/260848565/,1
https://www.meetup.com/DigitalGold/,1
http://meetup.com/homeprayerfellowship,1
https://www.meetup.com/South-Jersey-Earth-Cruising-Water-Exploring/events/253166481/,1
https://www.meetup.com/de-DE/Berlin-Tableau-User-Group-Meetup/,1
https://www.meetup.com/blockchaincenterindonesia/events/256561789/,1
https://www.meetup.com/Framer-New-York/events/260085753,1
http://www.meetup.com/chicagobimeetup/,1
https://www.meetup.com/de-DE/Vienna-Deep-Learning-Meetup/events/255361581/,1
https://www.meetup.com/Active-Republican-Woman/events/250632105/,1
https://www.meetup.com/Bitcoin-Technology-Lovers/,1
https://www.meetup.com/NerdNightAGS/events/244233141/,1
https://www.meetup.com/Las-Vegas-College-Educated-Singles-50/events/261694380/,1
https://www.meetup.com/beerandseo/events/258842260/,1
https://www.meetup.com/Indian-Naturist-Members/,1
https://www.meetup.com/es-ES/CordobaBitcoin/events/cdtdwqyzgbwb/,1
https://www.meetup.com/Bitcoin-Magazine-Bitcoin-2019,1
https://www.meetup.com/CodeUp-Chester/events/260694771/,1
https://www.meetup.com/WonderlandBookClub/events/247029917/,1
https://www.meetup.com/preview/Chester-SEO-Meetup/events/243914589,1
http://www.meetup.com/Silicon-Canal-Newbury-Meetup/events/232919664/,1
https://www.meetup.com/SLSBMG/events/250077099/,1
https://www.meetup.com/FLAT-EARTH-OREGON/events/254701723/,1
https://www.meetup.com/Pimp-Your-Tech/events/253139138/,1
https://www.meetup.com/Kundalini-Yoga-Meditation-Belfast-Bangor/,1
https://www.meetup.com/San-Diego-Tea-Party/events/248584410/,1
https://www.meetup.com/Paris-Machine-learning-applications-group/events/235912159/,1
https://www.meetup.com/The-Gatto-Project-Get-The-Thinkers-Out/events/259691735/,1
http://www.meetup.com/PalmBeachTech/events/225072734/,1
https://www.meetup.com/Active-Republican-Woman/,1
https://www.meetup.com/STL-CYBER-Meetup/events/244758798/,1
https://www.meetup.com/preview/Chester-SEO-Meetup/events/243434608,1
https://www.meetup.com/republican-17/events/252968077/,1
https://www.meetup.com/digitalnatives/events/261078385/,1
https://www.meetup.com/Lower-Stress-Anxiety-Depression-Meetup/events/261875799/,1
https://www.meetup.com/Blockchain-Philly/events/255646320/,1
https://www.meetup.com/fr-FR/MeetupVoitureConnecteeAutonome/events/256669241,1
https://www.meetup.com/Unite-America-Phoenix-Chapter/events/255702515/,1
https://www.meetup.com/Active-Republican-Woman/events/252986702/,1
https://www.meetup.com/Unite-America-Research-Triangle-Meetup/events/255957397/,1
https://www.meetup.com/de-DE/ddd-vienna/events/259895453/,1
https://www.meetup.com/Planet-BlockChain-,1
https://help.meetup.com/hc/en-us/articles/360027447252#h_7ca2239b-abe0-4c63-a51e-0510b4d2add0,1
http://www.meetup.com/Chicago-Suburban-Salesforce-Developer-Group/events/222084976/,1
https://www.meetup.com/Official-Libertarian-Party-of-Nevada-Meetup/events/259217293/,1
https://www.meetup.com/Solutions-for-the-Mind-Body-Soul-Regression-Past-Lives/events/258708487/,1
https://www.meetup.com/OpenAustralia-Foundation/events/239292927/,1
https://www.meetup.com/de-DE/Beyond-Design-Thinking-The-next-Level-of-Innovation/events/261329671/,1
https://www.meetup.com/fr-FR/StartupWorkshop/events/234120531/,1
https://www.meetup.com/WIST-Montreal/,1
http://www.meetup.com/Dallas-Salesforce-Developer-User-Group/events/220627630/,1
https://www.meetup.com/DailyActsOfLove-SOCAL/events/248518261/,1
http://www.meetup.com/TheGATEWAYPortal/events/217633032/,1
https://www.meetup.com/Denver-VR-Meetup/,1
http://www.meetup.com/2013/#outdoor,1
https://www.meetup.com/WIST-San-Francisco/,1
https://www.meetup.com/Green-Okanagans-Sustainability-Socials/events/djkdxqyzjbjc/,1
https://www.meetup.com/Stellar-org-Gaborone-Botswana/events/grptvpyxkbkb/,1
http://www.meetup.com/API-Craft-RVA/events/182884532/,1
http://www.meetup.com/PhiladelphiaFlyingPhoenix,1
https://www.meetup.com/santacruz-freedom-forum/messages/52336822/,1
https://www.meetup.com/de-DE/Vienna-Deep-Learning-Meetup/events/249221763/,1
https://www.meetup.com/Lost-in-Transformation/events/249671314/,1
https://www.meetup.com/the-vancouver-business-network/events/259859261/,1
https://www.meetup.com/atl-small-business-networking-meetup/events/253736733/,1
https://www.meetup.com/Europe-Blockchain-Startups-Club/,1
https://www.meetup.com/republican-17/events/mfbwhqyxpbsb/,1
https://www.meetup.com/CentralPhoenixCashflow/events/251160253/,1
https://www.meetup.com/de-DE/Agile-Testautomation/events/242058229/,1
https://www.meetup.com/en-AU/GCAIML/events/247503494/,1
https://www.meetup.com/Hyperledger-Kochi/,1
https://www.meetup.com/Urantia-Book-Study-Group/events/259183688/,1
https://www.meetup.com/de-DE/dotnet-austria/events/253127923/,1
https://www.meetup.com/Pro-Brexit-Creative-Network/events/262504239/?fbclid=IwAR2hbpw9UQtMm9Cqz5rvygfKvofUzyclV2tRGtkBO0h_lmJ_O7lF0uK-ayo,1
https://www.meetup.com/AngelHack-Meetup-New-York/events/248844424/,1
https://www.meetup.com/Wildfire-Holy-Spirit-Led-Services/events/rvdffqyxmbmb/,1
https://www.meetup.com/Smar10up-New-York-City-Think-Tank/events/247922570/,1
https://www.meetup.com/South-Jersey-Earth-Cruising-Water-Exploring/events/262304649/,1
https://www.meetup.com/Bay-Area-Conservatives/events/?_cookie-check=0UYfgTJZU1HF_myb,1
https://www.meetup.com/Natural-Ways-to-Lower-Stress-Anxiety-and-Depression-Meetup/,1
https://www.meetup.com/shipchain/events/247526607/,1
https://www.meetup.com/dbqINETA/events/256543288/,1
https://www.meetup.com/CashflowCobb/events/251354548/,1
http://www.meetup.com/Ron-Paul-2012-Long-Island/events/50434042/?a=ea1_grp&rv=ea1,1
https://www.meetup.com/PeoriaWP/events/246276225/,1
http://www.meetup.com/usconstitution-33/boards/thread/7361877/?thread=7361877,1
https://www.meetup.com/Teachings-Of-The-Arcturians-Star-Wisdom-For-The-New-Age/,1
https://www.meetup.com/DooWoppers-for-Trump/,1
https://www.meetup.com/Living-in-Health-and-Happiness/events/259902499/,1
https://www.meetup.com/NEPAProgressives/events/236243104/,1
https://www.meetup.com/ultimate-trader-society/events/247072620/,1
https://www.meetup.com/UFO-DISCLOSURE-NETWORK-NEW-YORK/events/247096540/,1
https://www.meetup.com/GoLangPhilly/events/261256571/,1
https://www.meetup.com/en-AU/CashflowCobb/events/251354573/,1
https://www.meetup.com/Conservative-Conversationalists/members/,1
https://www.meetup.com/the-vancouver-business-network/,1
https://www.meetup.com/BSD-Users-Stockholm/,1
https://www.meetup.com/clevelandfilm/events/260811933/,1
https://www.meetup.com/Atlanta-Poker-Night/events/xcqztlyzhbjb/,1
https://www.meetup.com/Artificial-Intelligence-Deep-Learning-Enthusiasts-Meetup/events/251541806/,1
https://www.meetup.com/dbqINETA/,1
https://www.meetup.com/Las-Vegas-College-Educated-Singles-50/events/254981772/,1
https://www.meetup.com/Disruptive-Technologists-in-NYC/events/254762727/,1
https://www.meetup.com/UFO-DISCLOSURE-NETWORK-NEW-YORK/events/254118967/,1
https://www.meetup.com/fr-FR/MeetupVoitureConnecteeAutonome/events/257366940,1
http://www.meetup.com/Winnipeg-Cash-Back-Club/events/219823290/,1
https://www.meetup.com/de-DE/Dortmund-Blockchain-Technology-Meetup/events/255253685,1
https://www.meetup.com/Metaphysical-Professionals-Temecula-Murrieta/events/259071117/,1
https://www.meetup.com/Jewish-Republican-coalition-of-Las-vegas/events/253212121/,1
https://www.meetup.com/utahoutdoors/events/calendar/2019-06/,1
https://www.meetup.com/The-Data-Network-Statista-Global/events/261356364/,1
https://www.meetup.com/Calgary-Microsoft-User-Group/events/259850140/,1
https://www.meetup.com/Palm-Beach-Blockchain-Meetup/events/bmqpvqyzjbkc/,1
https://www.meetup.com/ru-RU/Melbourne-Holochain/events/262664817/,1
https://www.meetup.com/RealEstateRebels/events/260498452/,1
https://www.meetup.com/blockchainforsocialimpactsf/events/250151926/,1
https://www.meetup.com/South-Jersey-Earth-Cruising-Water-Exploring/events/259442672/,1
https://www.meetup.com/TI-Awareness/events/236623045/,1
https://www.meetup.com/dbqINETA/events/249713275/,1
https://www.meetup.com/de-DE/Berlin-Tableau-User-Group-Meetup/events/255793770/,1
https://www.meetup.com/Scottsdale-az-Energy-Healing-Reiki-Spiritual-group/,1
https://www.meetup.com/TheSatanicTempleColorado/,1
https://www.meetup.com/Holistic-Health-for-the-Ascension-Process-WORKSHOP/events/260933110/,1
https://www.meetup.com/fat-cat-fab-lab/events/253382975/,1
https://www.meetup.com/Chester-SEO-Meetup/,1
https://www.meetup.com/Bitcoin-Mallorca/,1
https://www.meetup.com/Los-Angeles-Real-Estate-Deal-Maker-Sessions/events/250158400/,1
https://www.meetup.com/Princeton-Tech/events/259126763/,1
https://www.meetup.com/DisruptHR-Amsterdam/events/255917531/,1
https://www.meetup.com/Dortmund-Blockchain-Technology-Meetup/,1
https://www.meetup.com/CentralPhoenixCashflow/,1
https://www.meetup.com/Women-not-in-a-magazine/,1
https://www.meetup.com/meetup-group-bIxeHMnE/events/261134889/,1
http://www.meetup.com/Software-Circus/events/226883546/,1
https://www.meetup.com/Las-Vegas-College-Educated-Singles-50/events/ttlnjqyxqbjb/,1
https://www.meetup.com/Austin-Java-Users-Group/events/258286762/,1
http://www.meetup.com/French-AWS-UG/events/225092062/,1
https://www.meetup.com/Intellectual-Dark-Web-Columbus/,1
https://www.meetup.com/QueensLibertarians/events/251087731/,1
https://www.meetup.com/Chester-SEO-Meetup/events/246330674/,1
https://www.meetup.com/Las-Vegas-College-Educated-Singles-50/events/261460297/,1
https://www.meetup.com/Bitcoin-SV-SF-Meetup/events/259852763/,1
https://www.meetup.com/TRUMPS-TROOPS-DEPLORABLES-UNITED/,1
https://www.meetup.com/Billion/events/261864308/,1
https://www.meetup.com/republican-17/events/249725690/,1
https://www.meetup.com/Detroit-Windsor-Speculative-Futures/events/255921468/,1
https://www.meetup.com/Tucson-Trump-MAGA/events/259272444/,1
https://www.meetup.com/UFO-DISCLOSURE-NETWORK-NEW-YORK/events/249906445/,1
https://www.meetup.com/Applying-Blockchain-Outside-Of-Finance/events/249126050/,1
https://www.meetup.com/Clearwater-Beach-Travel-Meetup/events/261852904/,1
https://www.meetup.com/Mississauga-Raising-Your-Positive-Vibration-Group/events/255145577/,1
https://www.meetup.com/Great-Baton-Rouge-Real-Estate-Professionals/events/255003808/,1
http://www.meetup.com/AngularJS-Helsinki/events/228265282/,1
https://www.meetup.com/Winder-Alzheimers-caregivers-support-Meetup/events/258861005/,1
https://www.meetup.com/Lisbon-Songwriters/events/261484195/,1
https://www.meetup.com/TechTransfer,1
http://www.meetup.com/Startup-Grind-Dallas/,1
https://www.meetup.com/seattlepatriots/,1
https://www.meetup.com/ColoradoBusinessWomen/events/qhqfmqyxqbqb/,1
https://www.meetup.com/Solutions-for-the-Mind-Body-Soul-Regression-Past-Lives/events/260820905/,1
https://www.meetup.com/Everglades-Angels-Dog-Rescue-Meetup/events/261131594/,1
https://www.meetup.com/dbqINETA/events/255028544/,1
https://www.meetup.com/North-Hollywood-Virtual-Currency-Verge-etc-Meetup/events/246836855,1
http://www.meetup.com/Silicon-Canal-Newbury-Meetup/events/229688651/,1
https://www.meetup.com/Politically-Incorrect/events/vbzctqyzjbbc/,1
https://www.meetup.com/Creationz-Workshop-Meetup/events/259857145/,1
http://www.meetup.com/Cloud-Online-Meetup/events/220346429/,1
https://www.meetup.com/Seattle-Blockchain-NW-Community/events/260249696/?isFirstPublish=true,1
https://www.meetup.com/Hydrogen-Meetup/events/hdksmpyxjbhb/,1
https://www.meetup.com/TUSC-Cryptocurrency-Meetup-Salt-Lake-City/events/262010648/?isFirstPublish=true,1
https://www.meetup.com/Outpost-518/,1
https://www.meetup.com/Brussels-Reflection-Group/events/262969249/,1
http://www.meetup.com/The-Fabric-CloudBlazers-Forum/events/226868546/,1
https://www.meetup.com/UFO-DISCLOSURE-NETWORK-NEW-YORK/,1
https://www.meetup.com/Chester-SEO-Meetup/events/244715229/,1
https://www.meetup.com/Women-Who-Code-Brisbane/events/rgnbrpyzcbnc/,1
https://www.meetup.com/Prayer-Night-Home-Church/events/252507096/,1
https://www.meetup.com/International-Business-Meetup-Group/events/262200420/,1
https://www.meetup.com/UFO-DISCLOSURE-NETWORK-NEW-YORK/events/247102356/,1
http://www.meetup.com/MUFON-Georgia-Meetup/events/222573231/,1
https://www.meetup.com/SLSBMG/events/256787142/,1
https://www.meetup.com/HAMILTON-BLOCKCHAIN/events/262039978/,1
https://www.meetup.com/Sons-of-Liberty-NYC/events/255934086/,1
https://www.meetup.com/cities/us/ky/,1
https://www.meetup.com/dbqINETA/events/254856628/,1
https://www.meetup.com/en-AU/Melbourne-Democracy-Meetup/events/251259207/,1
https://www.meetup.com/SoCal-Lightning/events/260159520/,1
https://www.meetup.com/WordPress-Monterey/events/246330715/,1
https://www.meetup.com/NOVA-Makers/events/261557599/?gj=ro2_e&rv=ro2_e&_xtd=gatlbWFpbF9jbGlja9oAJDA0MzRkZjJmLTVlMGMtNGRjYy1iMTBiLTU0OWFkNWZmZDk1Zg&_af=event&_af_eid=261557599,1
https://www.meetup.com/blackcareerdivas/,1
https://www.meetup.com/topics/sociopaths/,1
https://www.meetup.com/Casual-Bikers/,1
https://www.meetup.com/SoCal-Lightning/events/260159520,1
http://www.meetup.com/openvswitch/,1
https://www.meetup.com/National-African-American-Gun-Association-Atl-Metro/,1
https://www.meetup.com/coinscrum/events/235709468/,1
https://www.meetup.com/net2dc/events/260747796,1
http://meetup.com/WordPress-Monterey/events/246330791,1
https://www.meetup.com/pro/regenerate/,1
http://www.meetup.com/r/site/223017671/13382165/shtwcl/http://www.meetup.com/Milwaukee-Gong-Bath-Community/events/223017671/,1
http://resist.meetup.com/,1
https://www.meetup.com/Analytics-Data-Science-by-Dataiku-NY/events/260066774/,1
https://www.meetup.com/fr-FR/GDG-Antananarivo/events/260076781/,1
https://www.meetup.com/Civic-Tech-Toronto/events/qhrjlqyzkbdb/,1
https://www.meetup.com/UFO-DISCLOSURE-NETWORK-NEW-YORK/events/248895112/,1
https://www.meetup.com/DailyActsOfLove-SOCAL/events/248328260/,1
http://www.meetup.com/SeaTech-Connect/events/121618262/,1
http://meetup.com/BasicIncomeAu,1
https://www.meetup.com/blockchaincenterindonesia/events/255825886/,1
http://www.meetup.com/beerandseo/events/260206821/,1
https://www.meetup.com/Hashgraph-Seattle-Washington/events/259337953/,1
https://www.meetup.com/de-DE/Blockchain4GoodBerlin/events/260241215/,1
https://www.meetup.com/Everything-Baja/events/260228475/,1
https://www.meetup.com/Sons-of-Liberty-NYC/events/256072558/,1
https://www.meetup.com/Bay-Area-Conservatives/,1
https://www.meetup.com/PracticeSelfReliance/events/253046738/,1
http://www.meetup.com/www-orla-ca/member/16236781/,1
https://www.meetup.com/PeoriaWP/events/246841751/,1
https://www.meetup.com/The-Gatto-Project-Get-The-Thinkers-Out/photos/29779335/479410693/i3/socialmedia,1
